<?xml version="1.0" encoding="UTF-8"?>
<project-private xmlns="http://www.netbeans.org/ns/project-private/1">
    <editor-bookmarks xmlns="http://www.netbeans.org/ns/editor-bookmarks/2" lastBookmarkId="0"/>
    <open-files xmlns="http://www.netbeans.org/ns/projectui-open-files/2">
        <group>
            <file>file:/C:/Users/xiiim/Documents/UTFPR/JAVA/JAVA%20II/Exercicio%203/JavaApplication1/src/javaapplication1/Client.java</file>
            <file>file:/C:/Users/xiiim/Documents/UTFPR/JAVA/JAVA%20II/Exercicio%203/JavaApplication1/src/javaapplication1/Server.java</file>
            <file>file:/C:/Users/xiiim/Documents/UTFPR/JAVA/JAVA%20II/Exercicio%203/JavaApplication1/src/javaapplication1/ClientInterface.java</file>
        </group>
    </open-files>
</project-private>
