<?xml version="1.1" encoding="UTF-8" ?>

<Form version="1.3" maxVersion="1.7" type="org.netbeans.modules.form.forminfo.JFrameFormInfo">
  <Properties>
    <Property name="defaultCloseOperation" type="int" value="3"/>
  </Properties>
  <SyntheticProperties>
    <SyntheticProperty name="formSize" type="java.awt.Dimension" value="-84,-19,0,5,115,114,0,18,106,97,118,97,46,97,119,116,46,68,105,109,101,110,115,105,111,110,65,-114,-39,-41,-84,95,68,20,2,0,2,73,0,6,104,101,105,103,104,116,73,0,5,119,105,100,116,104,120,112,0,0,0,-11,0,0,1,-113"/>
    <SyntheticProperty name="formSizePolicy" type="int" value="0"/>
    <SyntheticProperty name="generateSize" type="boolean" value="true"/>
    <SyntheticProperty name="generateCenter" type="boolean" value="true"/>
  </SyntheticProperties>
  <AuxValues>
    <AuxValue name="FormSettings_autoResourcing" type="java.lang.Integer" value="0"/>
    <AuxValue name="FormSettings_autoSetComponentName" type="java.lang.Boolean" value="false"/>
    <AuxValue name="FormSettings_generateFQN" type="java.lang.Boolean" value="true"/>
    <AuxValue name="FormSettings_generateMnemonicsCode" type="java.lang.Boolean" value="false"/>
    <AuxValue name="FormSettings_i18nAutoMode" type="java.lang.Boolean" value="false"/>
    <AuxValue name="FormSettings_layoutCodeTarget" type="java.lang.Integer" value="1"/>
    <AuxValue name="FormSettings_listenerGenerationStyle" type="java.lang.Integer" value="0"/>
    <AuxValue name="FormSettings_variablesLocal" type="java.lang.Boolean" value="false"/>
    <AuxValue name="FormSettings_variablesModifier" type="java.lang.Integer" value="2"/>
  </AuxValues>

  <Layout>
    <DimensionLayout dim="0">
      <Group type="103" groupAlignment="0" attributes="0">
          <Group type="102" attributes="0">
              <EmptySpace max="-2" attributes="0"/>
              <Group type="103" groupAlignment="0" attributes="0">
                  <Group type="102" attributes="0">
                      <Group type="103" groupAlignment="0" attributes="0">
                          <Component id="jLabel3" alignment="0" min="-2" max="-2" attributes="0"/>
                          <Component id="jLabel1" alignment="0" min="-2" max="-2" attributes="0"/>
                          <Component id="jLabel2" alignment="0" min="-2" max="-2" attributes="0"/>
                      </Group>
                      <EmptySpace type="separate" max="-2" attributes="0"/>
                      <Group type="103" groupAlignment="0" max="-2" attributes="0">
                          <Component id="jTFNome" alignment="0" pref="207" max="32767" attributes="1"/>
                          <Component id="jSIdade" alignment="0" min="-2" pref="69" max="-2" attributes="0"/>
                          <Component id="jTFFone" alignment="0" max="32767" attributes="1"/>
                      </Group>
                  </Group>
                  <Group type="102" alignment="0" attributes="0">
                      <Component id="jBtnNovo" min="-2" max="-2" attributes="0"/>
                      <EmptySpace max="-2" attributes="0"/>
                      <Component id="jBtnGravar" min="-2" max="-2" attributes="0"/>
                      <EmptySpace max="-2" attributes="0"/>
                      <Component id="jBtnProximo" min="-2" max="-2" attributes="0"/>
                      <EmptySpace max="-2" attributes="0"/>
                      <Component id="jBtnFechar" min="-2" max="-2" attributes="0"/>
                  </Group>
              </Group>
              <EmptySpace pref="109" max="32767" attributes="0"/>
          </Group>
      </Group>
    </DimensionLayout>
    <DimensionLayout dim="1">
      <Group type="103" groupAlignment="0" attributes="0">
          <Group type="102" alignment="0" attributes="0">
              <EmptySpace min="-2" pref="30" max="-2" attributes="0"/>
              <Group type="103" groupAlignment="3" attributes="0">
                  <Component id="jLabel1" alignment="3" min="-2" max="-2" attributes="0"/>
                  <Component id="jTFNome" alignment="3" min="-2" max="-2" attributes="0"/>
              </Group>
              <EmptySpace type="unrelated" max="-2" attributes="0"/>
              <Group type="103" groupAlignment="3" attributes="0">
                  <Component id="jLabel2" alignment="3" min="-2" max="-2" attributes="0"/>
                  <Component id="jTFFone" alignment="3" min="-2" max="-2" attributes="0"/>
              </Group>
              <EmptySpace type="unrelated" max="-2" attributes="0"/>
              <Group type="103" groupAlignment="3" attributes="0">
                  <Component id="jLabel3" alignment="3" min="-2" max="-2" attributes="0"/>
                  <Component id="jSIdade" alignment="3" min="-2" max="-2" attributes="0"/>
              </Group>
              <EmptySpace type="separate" max="-2" attributes="0"/>
              <Group type="103" groupAlignment="3" attributes="0">
                  <Component id="jBtnNovo" alignment="3" min="-2" max="-2" attributes="0"/>
                  <Component id="jBtnGravar" alignment="3" min="-2" max="-2" attributes="0"/>
                  <Component id="jBtnProximo" alignment="3" min="-2" max="-2" attributes="0"/>
                  <Component id="jBtnFechar" alignment="3" min="-2" max="-2" attributes="0"/>
              </Group>
              <EmptySpace pref="39" max="32767" attributes="0"/>
          </Group>
      </Group>
    </DimensionLayout>
  </Layout>
  <SubComponents>
    <Component class="javax.swing.JLabel" name="jLabel1">
      <Properties>
        <Property name="text" type="java.lang.String" value="Nome:"/>
      </Properties>
    </Component>
    <Component class="javax.swing.JLabel" name="jLabel2">
      <Properties>
        <Property name="text" type="java.lang.String" value="Fone:"/>
      </Properties>
    </Component>
    <Component class="javax.swing.JLabel" name="jLabel3">
      <Properties>
        <Property name="text" type="java.lang.String" value="Idade:"/>
      </Properties>
    </Component>
    <Component class="javax.swing.JButton" name="jBtnNovo">
      <Properties>
        <Property name="text" type="java.lang.String" value="Novo"/>
      </Properties>
      <Events>
        <EventHandler event="actionPerformed" listener="java.awt.event.ActionListener" parameters="java.awt.event.ActionEvent" handler="jBtnNovoActionPerformed"/>
      </Events>
    </Component>
    <Component class="javax.swing.JButton" name="jBtnFechar">
      <Properties>
        <Property name="text" type="java.lang.String" value="Fechar"/>
      </Properties>
      <Events>
        <EventHandler event="actionPerformed" listener="java.awt.event.ActionListener" parameters="java.awt.event.ActionEvent" handler="jBtnFecharActionPerformed"/>
      </Events>
    </Component>
    <Component class="javax.swing.JTextField" name="jTFNome">
    </Component>
    <Component class="javax.swing.JTextField" name="jTFFone">
    </Component>
    <Component class="javax.swing.JSpinner" name="jSIdade">
    </Component>
    <Component class="javax.swing.JButton" name="jBtnGravar">
      <Properties>
        <Property name="text" type="java.lang.String" value="Gravar"/>
      </Properties>
      <Events>
        <EventHandler event="actionPerformed" listener="java.awt.event.ActionListener" parameters="java.awt.event.ActionEvent" handler="jBtnGravarActionPerformed"/>
      </Events>
    </Component>
    <Component class="javax.swing.JButton" name="jBtnProximo">
      <Properties>
        <Property name="text" type="java.lang.String" value="Proximo"/>
      </Properties>
      <Events>
        <EventHandler event="actionPerformed" listener="java.awt.event.ActionListener" parameters="java.awt.event.ActionEvent" handler="jBtnProximoActionPerformed"/>
      </Events>
    </Component>
  </SubComponents>
</Form>
